Cat_01,Cat_02,Cat_03,Cat_04,Cat_05,Cat_06,Cat_07,Cat_08
-2.032199153079894,0.4053107613742677,0.13353502239852097,-0.14024488521510062,0.2464812686299994,-0.039890538209645304,0.13025083925500705,0.065185589206794
-1.0477258269107057,0.0334827418990844,0.8506117639700167,0.14020079200280736,0.2694926740752534,-0.07747663449958489,-0.5707524095434033,0.2949028712888202
-0.996523598855506,-0.5286582122947777,0.42580609331050767,0.33979648340564994,-0.1695526449574494,0.485948015744244,0.49536088181708376,-0.055147867026067936
-1.2604423258947204,1.093528422454294,0.19859200944733185,-1.6727403333400412,-1.2324341031793538,0.3099837457790642,-0.9789710882144559,-0.6959360954782845
-1.0986262987419166,1.7815297525365277,-2.217430155002228,-0.35279454767002516,-1.8743260009403675,-0.028483835816326828,-1.0347522497304626,-0.6293394830838266
-0.6705657192157963,-0.9311643572581304,-0.4675513371881952,0.6856765186609204,-0.1249937852642515,-0.9050940602431233,-0.3811043170003921,-0.8001712547585238
1.288195172893819,2.231918450620099,0.5382259265715017,0.4905802735654501,-2.0476677235902416,-0.4955408959813237,0.0799244098096911,-0.4184014995211892
0.4124948569355034,0.5211369602038108,0.985593490166012,-0.33692362466404774,2.011943294460431,0.39450828250427883,-0.1535129143924907,-0.7201418474982249
1.6256865602302606,-2.8058615062895127,1.1803145274936768,0.5229671557397552,-0.752994740645396,2.603590669191193,-0.9079412775528808,0.4744283200708697
-2.032199153079894,0.4053107613742677,0.13353502239852097,-0.14024488521510062,0.2464812686299994,-0.039890538209645304,0.13025083925500705,0.065185589206794
1.7493820256139663,-1.6957758797168783,0.7378768251032144,-1.337578342997987,0.3994549531892402,-1.4312027202213609,-0.006428610276758633,0.7890702964974788
-1.0624431088300963,-0.623076888171947,0.8430012000951901,1.5066632122652295,-0.6191657343039231,0.02416957524541216,0.09019245793077448,-0.9671576355711953
-0.26044586579391643,-0.9423571500017592,-0.3775863673920529,-0.4301271060857203,0.04197572441038738,0.973768226395367,0.21717520537118262,0.0340076975835714
-1.2816102174750217,0.7085823762600882,0.30538329748573223,-0.6489232024074565,-0.3588109287454198,0.4481101907192629,-0.8259229368326066,0.12829893484802835
-0.46191325940874534,-1.2410602931445793,-0.0809453699466611,1.0864076285029645,0.517869769316218,0.07902026780708696,-0.33917524103155444,-2.4009858055661004
2.7816776335087474,0.1649860379244125,-0.7280393657732713,-0.41181215752736444,-0.37093065382695894,-0.2935874035143443,0.1443343498635495,0.6816394889858131
7.401985070569267,2.1464236626193784,0.2606356244854342,-0.21494317762102438,-1.9385475101269876,0.8068317934379067,0.057339151554125806,0.1994638616500139
-0.5749902197757266,1.3647351149599465,0.4114307040423357,-0.5666991160521453,0.7156357108344422,0.10967417595468139,0.5625009420407214,0.17775821785840734
-2.032199153079894,0.4053107613742677,0.13353502239852097,-0.14024488521510062,0.2464812686299994,-0.039890538209645304,0.13025083925500705,0.065185589206794
-1.7363570971342859,0.9588522724599569,-0.12362546355885226,-1.461687218380677,-1.5439827691534502,0.059135747658073695,-0.9440214645338727,-0.8721442746205701
-1.3944683546875245,1.2279882414508383,-1.9602696690448553,0.9686477854955517,-0.08386196315691789,-0.12751012168404588,0.03952005405841692,0.3079903807435375
-1.2525704410276832,-0.06730344396637551,0.6704561422602309,-0.13382318785582786,-0.1308383975573792,-1.1276925342740387,0.3197863399413168,-0.018013638018197636
-1.802806254568399,0.11865666811651951,0.36744798183041016,-0.3236607598819151,-0.29580064952049934,-0.9347990902777787,0.8346383877369211,-0.052472200623228014
-1.3159838106791988,-0.10833509261610345,1.2387412972452156,0.6040420394439194,-1.2096326618180921,-1.1610034748526823,1.0353561154798696,0.0916218155574529
0.06805259188287782,-0.29319993107990416,-0.3884453881923272,0.21791730727018638,-1.63077727128804,0.8820813278795775,-0.9969228639786417,-0.9705354610184478
1.0139319871305157,-0.28335436545743703,2.208968800100612,2.1115369048607344,-0.7999732424311619,-0.06712106526242714,0.13790199156487845,-0.48790651801255625
-1.2363656243983827,0.2859499554135362,-0.2428820055429149,-2.0202436913742146,-1.8927874160432911,-0.40913679298648825,-0.40063694820008644,-0.5136190122765967
0.4344799610119331,1.528715544012588,1.0412648544144039,-0.5289973612074588,1.4279580497586704,0.9670144859757666,0.6715063282639804,0.5982917456209548
4.304527961883212,-1.7431444837201218,0.9322251795126285,0.8525500619585186,-1.8205985449161919,-0.11368214883156348,0.11455891845137986,-1.1784950883003844
-1.8482055101957924,0.2718271392764854,0.2502442857702823,-0.056540706140203505,0.12306415552330516,0.18979177197528613,-0.5016528418612093,0.4778719691522405
-0.6150590462699236,-1.2956960111492095,0.1983662241336885,-0.4031463010351013,-0.2479287678892833,-1.3059631848159055,1.0995028320116649,-0.4437949679584503
0.4964172587648733,-0.8107164865513113,0.58625009253901,0.11160584147987336,0.023016785638674042,-0.7866757438749451,-0.12972347493197336,0.5442022127200787
-0.5111816449604498,0.06786197176926957,0.4392940459350444,-0.720463567260968,-1.5556993153481764,-0.001390877096082862,-1.8814330228008844,-0.9087065701328252
0.08039601546232046,-0.33759960061633204,-1.1898249001676633,-0.2238235095855834,-0.17480961844155687,0.3691116431135669,-0.7538004870430438,-0.27274787972454423
-1.7907323528995953,0.004612816967471834,0.052621453539452835,0.21935776386214706,0.27057377331183463,0.10524171080533519,0.009862784721416593,-0.523033031272541
-0.9008666486635764,0.13297131634517184,0.7933664390851518,0.3141759661263805,0.4444373901943578,-0.4380507778648582,-0.06678953953092139,0.2607313103313515
-0.8019195069943279,0.10433859506909939,0.6826425791114167,0.5120195424901779,0.05065639319701348,0.7007733147277974,-0.3229818551437859,-0.6672402379153348
2.0580387984778272,-1.9618905911708515,-2.2487422582767254,-0.5802374216183067,0.792322093954057,-0.9313185734609019,0.01642504035870618,1.014641197467637
-2.032199153079894,0.4053107613742677,0.13353502239852097,-0.14024488521510062,0.2464812686299994,-0.039890538209645304,0.13025083925500705,0.065185589206794
-1.4654924638475357,0.7020824307233422,0.30810765018120995,-0.2003200781753707,0.44926057405921604,-0.1815379453466265,0.2377916402956251,0.19551364375824956
-0.6128506552583322,-0.5090051878500345,-1.5544514302646322,0.2368599824189369,0.05769368382562645,-0.882479135844264,0.17994079143575684,-0.067521031538392
-0.9800206686525652,-0.5234964948492967,-0.9656441710841879,0.26076571951231287,1.0594151410657802,-0.7604662659726242,-0.5971601998345857,-0.8417361534607029
-0.13038482015131794,-1.8813116864100905,-0.7169137272519264,-0.9931462744351978,-1.103943311992847,-0.3177943903757034,2.4761934247871737,0.5969565574195319
-0.452565470314536,-1.1283431853278305,-0.19197023096750482,-2.0278831540187774,-2.9102001531977093,0.7932983051341084,-0.0499767068641991,0.3458565052717648
-2.032199153079894,0.4053107613742677,0.13353502239852097,-0.14024488521510062,0.2464812686299994,-0.039890538209645304,0.13025083925500705,0.065185589206794
-1.4852205032809047,0.43766936834362463,0.7526053849041628,0.3208750266759048,-0.022064047734778408,-0.014196471808276965,0.25795033612618806,0.2690386578627474
3.5190049402165315,2.194765883570505,0.1564640205922212,0.1934836553060255,1.1918556463152772,-0.24621903290061004,-0.20079556072224308,-0.1252151197489627
0.9134628268914908,-0.8435206676719833,-1.333367460396384,-0.00499739436776489,0.8810176505491254,-1.0369280503127403,-0.5068821411158697,-0.5435246085655218
0.6350968016186518,0.5896552845840187,-2.673001879413759,0.6316741877495857,0.3341568277590982,-0.37736463783957214,-0.27494687859229533,1.4661876382431496
0.10361109537433527,-1.2868968315102969,-0.01697120327562061,0.1781895787333702,-0.5402371610024441,0.6591326916565301,1.4349353308927182,-0.40595644978937484
-0.7446270394754086,-0.3042869805299127,-0.33387788559546633,0.345857151787674,-0.025628812089805955,-0.25104132584093797,0.23342483262832808,0.47389227586850613
0.39113693815846917,-0.4770505671912479,-1.097622189988954,-0.5041937521382718,-0.5282347608838033,0.6934426828796103,1.652641571080955,1.579788767188312
-0.14005149582526244,0.4209468999566695,0.8488745165012542,-0.4450970528924982,0.8623125000021572,-0.892125684232361,-0.3899051124336827,0.5042528606063131
-2.032199153079894,0.4053107613742677,0.13353502239852097,-0.14024488521510062,0.2464812686299994,-0.039890538209645304,0.13025083925500705,0.065185589206794
-0.11642150571415404,-2.3761962896014226,0.0023384404516469154,0.29622553255938344,0.6112121926184055,-0.6611394348109747,-1.2227294452975879,-0.5571355390285296
0.8041106495383125,-0.4210455703650703,-0.41935674083768354,0.1485382396928349,0.41781048132042437,-1.1890202646783976,0.3437541760441207,-0.4448624794283647
-2.032199153079894,0.4053107613742677,0.13353502239852097,-0.14024488521510062,0.2464812686299994,-0.039890538209645304,0.13025083925500705,0.065185589206794
7.2885653316507,0.37604129272513825,-2.8628775768377595,-0.23777839871037704,0.9198118868991965,0.5001647656602829,1.154792996387853,-2.2461449591285825
1.9911218649968911,-0.4518550229625796,-2.2957241989494697,-0.7333901041595013,-0.8174439237121179,0.5274987507178123,-1.4508548768220817,0.9653587472626505
4.0535711648308,0.8052414584745006,-0.254374959398367,-2.3189398196310145,0.9791818841643856,1.7119278088301506,1.280654231614204,-0.6476849550404954
0.3568404891108582,-0.6162080580690801,0.3046283596393502,-0.588371046180292,-0.4386831421417899,-0.5372060969809824,-0.31101418227156574,-0.4166276996421233
-0.3591811636592125,0.044459789533658096,-0.5957397575932635,0.08768029394529263,0.6369996692434209,-0.6742635054712729,-1.0480286418456939,0.20390721637461298
-0.5075597303086975,-1.0702469370683152,0.12185639491706943,0.20386859940082347,0.07587056755170946,-0.07907579718316825,-0.3476433342600142,-0.11050048272648154
0.031475255621503766,-0.5281883545282409,-0.9863443871959855,1.0326275268640752,-0.14115041702038944,-0.2812637976138619,-0.7157183562186656,0.53261702751533
-0.6769235625588063,0.7752791443036834,1.2807741228343046,0.16515061526590397,0.45865313389535867,0.4419052480907668,0.32710041121189265,0.17988357022290347
-2.032199153079894,0.4053107613742677,0.13353502239852097,-0.14024488521510062,0.2464812686299994,-0.039890538209645304,0.13025083925500705,0.065185589206794
-1.728631725225505,0.5511652487099361,0.3169587271967601,-0.14297637298701252,0.434851958414018,0.09890572047917481,0.15759147225471384,0.196991649772407
2.6152594075073594,-1.2370323868575404,0.7799759373782414,0.32896727222534466,-0.00624490712252179,-0.45365169408252265,0.41859551081016905,-0.5718658915419192
2.3859626750367444,-0.8084567374500287,0.8401847870238041,-0.07889920777386188,1.9591341088067817,2.0950499538096055,0.7660145087350728,-1.001526305830681
-1.2391701466244551,-0.29669799511975803,0.06340309882163561,-0.2252302410818207,0.3461838175131623,0.7671229855108933,0.5110222728806204,-0.4491339180014621
-1.7907323528995953,0.004612816967471834,0.052621453539452835,0.21935776386214706,0.27057377331183463,0.10524171080533519,0.009862784721416593,-0.523033031272541
-0.5451179020217283,0.023605860282401088,0.3611516719599116,-0.7263932998452906,-0.37611924220755305,0.6076417824933046,-1.2850364719832394,1.183851055082754
6.954558107120699,-0.1839458617374641,-0.18168357616254363,-3.117613014564852,-0.71841235402896,-0.5935998799375195,0.4725500148438597,-1.836520975392017
2.016742266877434,-1.3923353926923423,-1.1707081633427248,-0.7142077423150386,-0.024111130495463068,0.516600922769702,-0.7442036466549294,0.5164487563801895
-1.744915216957027,0.5257835339762073,-0.057838703469204895,-0.09791320984240856,0.2233058174472918,-0.11274553255537548,0.2984275975897207,0.31737558253956744
1.941035694042583,-0.7363642243065605,-2.36776244515186,1.2097700988344087,-0.6725838143422398,-0.12662793263695318,2.03708658763275,0.04690018743669769
-0.9167490610108316,-0.49046026916977364,0.5044269664228117,0.3709544320798578,-0.08692119767210231,-1.1967936736974216,0.2297962713863731,-0.576176047745689
-0.8079332426373517,0.010572727477898052,0.6177366210273101,1.1594154639439174,-0.6541336550546478,-0.16854098685493438,0.4445303866731357,-0.024793135166286888
-2.032199153079894,0.4053107613742677,0.13353502239852097,-0.14024488521510062,0.2464812686299994,-0.039890538209645304,0.13025083925500705,0.065185589206794
3.4670836585119367,0.22522995070760676,1.375685395851172,-1.6689560766334035,-1.1227780282541573,-1.3893135918577677,-0.40454276923794136,-0.8239144114771931
-0.6216841641786188,-1.1557462550704907,0.5915902506907619,0.686809871957479,-1.548401446626856,-1.0269500495984496,0.5679360943189544,-2.1163532368283584
-0.491913771297872,-1.5502417256843235,-0.14463230998503487,0.27766791366968047,1.2481609301453194,-0.7903430555914429,-1.085450078134483,-1.631512339254714
1.7190922676886968,-0.3459157947230619,1.7847576272772714,1.4754535094512922,0.031063276843630278,1.7313839181184725,-0.330077616211056,0.37093492194118366
-0.22463800381820917,0.9085056532380469,1.5228959517339413,0.0400662657474526,-1.438500653405843,0.5124511504678887,-0.8583356852118127,-0.004671736202891645
-2.032199153079894,0.4053107613742677,0.13353502239852097,-0.14024488521510062,0.2464812686299994,-0.039890538209645304,0.13025083925500705,0.065185589206794
-1.6808487751209114,0.20065725724736472,-0.0441316871117083,-0.7439287518604006,0.005813301297093675,-0.46791702660917595,-0.5406592481630055,-0.31214082236998075
-0.3130508916574337,0.17374339420352647,0.6513019698308943,-0.4128222221807514,0.30055140761125543,1.3438459579527018,-0.6104969180287161,0.9839034921099324
-1.3028397910128517,-0.8361403092705529,0.029615711571384814,-0.8275450411528587,-0.11122837283009462,-1.040822102095675,0.8796176684730214,0.1466767713329716
-1.0535387516828998,0.2279681417928781,0.17773188093103992,-0.052189563642778096,-0.28236933272752807,-0.07555850695921493,-0.5474128745276978,1.185875334108249
-1.129897053775208,0.5071829502282856,0.12091086437950345,0.7580334957252103,-0.4813420478554601,-0.5924725900571083,0.5406393261331849,0.2159144089972954
0.9203541210413705,-1.775394334486531,0.0327325374599112,-0.5212713396136017,0.37743423635641266,1.5663210347303727,0.5018739523585701,-0.021517043541328457
-0.6648334174026057,-2.036777581184218,-0.5171195859280233,-1.4029244740138356,0.7006382415304704,-1.1604260882349415,0.25958385547977847,0.3397715145698622
-0.027672674782837345,-1.557387972837037,0.36913293427222094,0.9518280813273847,-0.8396798436648919,0.7966516778797132,0.8596422180850808,-0.28056178169443197
-1.4208006453670907,0.024847636812391598,0.8026002068494464,0.49101487259761073,-0.45726896373218556,0.3063718898727658,-1.0331976591059513,0.9626053571880274
0.24727705075064077,-0.8590897625450902,0.529381399196237,0.1638613888557604,1.2891626818011275,-1.8712631985345884,-0.8992239231320296,-0.30540950176231624
-1.5267264344590006,-0.37302392093666437,-0.05035807265035554,-0.46665106306198273,0.9587880258198211,-0.9619610389205191,-0.495387799721765,-0.0645806580618461
0.7645817078545579,1.264660765628922,1.2422476366526003,0.9974413980749195,-1.58786783488646,-0.6106621455362959,0.706374211574764,-0.10618761202549358
-0.752140042756286,0.17893679081656802,0.2967427263246863,-0.18910579346476045,-0.33878999248770897,-0.6393114894369607,0.8290088074737012,0.39683067484518186
3.9602714797100993,-0.26882531771966156,-2.433021730017381,0.20444514993339308,1.9459832858523436,1.781703142872027,1.1665909042534988,-1.145073160282057
-2.032199153079894,0.4053107613742677,0.13353502239852097,-0.14024488521510062,0.2464812686299994,-0.039890538209645304,0.13025083925500705,0.065185589206794
-1.02223176941232,-0.48282111569552566,-0.2595563345922128,-0.696699422480076,0.3126347564489127,-0.6973066298503819,-0.9673865822264599,-1.1341783734110062
-0.5408123747290213,0.8856711777219657,-0.18413926253362434,0.30087277288392517,0.4116710190532804,0.37575919222460213,-0.410589858441332,1.0437808482424715
0.08945214833072104,0.21706534415316225,0.7332741973770959,-0.8472218935987353,0.9674222432202644,-0.08409621656369864,0.9097659149733943,0.012143532263480833
2.396662178397627,-1.1371038855192643,0.9001427672350452,0.33127511668051784,0.4365214419007191,0.018464319931852963,0.01901521373366832,1.080474340031801
1.5687403317120816,-1.3137613474360752,0.3835608957224527,0.27174921868349056,0.0290377419938585,-0.4533841283477356,-1.8146359859488168,0.2569823383673242
1.1922071631916522,1.5440231824289645,-1.5307242220234718,-0.430623870336697,0.5525088116038982,-0.26147035135896035,-0.8463862054013733,0.07252673534188801
1.5365023190259792,2.0912175102803974,0.34449864846677036,0.847818527529248,0.6446255991943308,0.9822321513089873,0.07724256100135253,1.0753003287015142
1.1311138597962034,0.36507389401840434,0.4145091900117382,0.8498865802579839,-0.23096679750518176,0.36083995614604314,0.7084013625647108,0.32024321744488476
-0.15786744179120674,0.23134285439100094,-1.194651987162438,1.4562868020821642,0.2234039538779514,-0.4774137857763137,-0.057969409374265264,-0.315105321788097
-0.5113231906345042,-0.09037467482510295,0.2430967728983296,-0.07327445721965195,0.831551587791169,1.0286692402562838,0.5753015991979037,-0.5306238867646947
2.1446945404175692,2.3553499784971867,-0.5663294226657472,-0.10462348690571155,1.3161143880179569,0.5191313916766422,-0.7874157656862464,1.444263550906471
3.357901062948225,0.5895376348235999,-1.8835203318660196,1.6985711112081066,0.4381347903311979,-1.2259305923418655,0.7321791602354522,0.4183518422687753
2.0722474418502705,-0.43269878232324444,0.0030726154299207634,0.6075213218953214,0.06332286958360414,1.24856200756491,-0.6255786328417986,-1.2363361072233596
5.241308907172886,0.7297898061003485,-1.9183955785127298,1.2112039515440995,1.0489306182767364,0.1575569867508,-0.05461973192146439,-1.6900410847946434
-0.04707221629360607,1.0906811471777824,-1.8004696513775902,1.381174677592879,-0.7011205086033958,-0.8943557199024142,0.07877391907870199,1.1217251167665554
-0.5722375699036156,-0.8664378406457617,0.0017947012330766245,0.4972882936607168,-0.2787491524792562,0.6488742127757782,0.40940460450747285,-1.4098838685159858
3.114550544691743,2.569659205879831,1.4706148461584152,0.47570154137707205,-1.2660049716424568,-0.2427727096621115,0.011114659764590409,-0.12540874118687267
-1.232484143970458,0.04850202718815861,0.6606588373797246,0.15767193775246377,0.3340893308601324,-0.47523172216371384,-0.05486898336219799,0.20415553422842736
-0.825655547724334,0.7187200752343622,0.36171086035789923,-0.15046733862101616,-0.8916645106804736,-0.1201919616613322,-0.547638346130336,0.4399094564715684
-2.032199153079894,0.4053107613742677,0.13353502239852097,-0.14024488521510062,0.2464812686299994,-0.039890538209645304,0.13025083925500705,0.065185589206794
-0.6623602283175255,0.14816478044612463,-1.8514223029311077,1.4514206418882147,-0.6882665665283852,0.2595321735810233,0.3772894636207869,0.0558508639450626
1.073479777374255,-0.3089624452825225,0.9582690268982057,2.2200537055781973,-0.2621529826717927,-0.1587467253701074,0.07289468450002752,-0.6594481388070733
-0.9612602811742254,-0.7971743507587506,0.48276391206196434,-0.188032294805716,0.1462391226802887,-1.8844027315183898,0.35821786211792306,-0.38006324523329726
6.978073583291085,1.355419963521544,-0.7884047617968899,-0.7172457117218481,-0.7731177426596877,0.3650926892593573,-1.1755525598432894,-0.03276010842692985
4.34057805384767,0.5265604176147342,1.5280600911378541,-1.5036453115955926,0.1922271597303289,-0.1758384946594506,2.4045630532685323,0.7827973386565006
2.2379330694049666,-1.8924533792933147,1.5214709428655702,0.8186522391043467,-1.0705169463738753,-0.4238076247672121,0.20944476665848558,0.6128852248532809
1.3832049775333588,1.843576198495076,1.5326016342767599,-0.09621603325799907,1.0742608010963646,1.4305805775197868,0.5164200765507899,1.1276320904089165
0.09667128108499157,-1.7038997832396412,-0.2620132149759231,0.559443967422868,-1.4289088550359397,0.5045941822830421,1.5940059361445273,0.4918390833798598
0.007359498976343754,-0.7075894229839627,-0.10540780348398798,-0.41743150226216064,-0.5450490030701279,-0.6504317405406125,-0.9340593617713949,0.5091960440394936
-0.8196734332579207,0.7413916440116497,-1.9258342521629523,0.76298153233438,0.24279171642121336,-0.734693565002587,-1.0718108046778423,0.8091156987231287
3.1426022492990744,0.30981633635410427,-0.3453853909788131,-0.7384883423412333,1.4230737073070194,-1.4872971328429958,0.4526574681120977,0.14365332289881677
5.153328141779165,-0.7472745920287607,0.9549049565888093,1.2836363935280246,0.17166724001647093,-0.09499064252484066,0.6832459697309686,-0.5272578755466918
-2.032199153079894,0.4053107613742677,0.13353502239852097,-0.14024488521510062,0.2464812686299994,-0.039890538209645304,0.13025083925500705,0.065185589206794
0.7232034462315395,-1.3779347254667456,0.9228270876237209,0.7864494885119947,0.7129392936870482,0.19359938146468447,0.14601288836550058,-1.4264537812170428
-1.7887879311352939,0.2918148810079562,0.5691816801059237,0.3236065144478167,-0.21043473751879704,-0.15299273049709708,0.23060970312648124,0.13723259729713444
-1.8941342338448388,0.4413651271883275,0.14320772343310087,-0.2664122285277283,0.34039868271991414,-0.41572104135768106,-0.03635701887664986,0.21850765087525878
-1.0454102456351473,-0.7764779767454278,0.6669960675543012,0.28357363283979037,-0.4827784669771887,-0.3721179346024452,0.3759478477340556,0.40842857734367455
-1.4546590981263152,-0.1328835195968663,0.35183047881988355,0.6813924067852282,0.00030678832280092304,0.077708570275598,0.15908089807919062,-0.7208578286139703
-1.2341715167353047,-0.580094023753277,-0.17481271827241396,-0.8243387576820174,0.09168975460500574,0.808930197554256,0.8731886727036864,0.7250558409534463
3.3197595425279833,1.5222886362222572,0.3990600555163779,-0.43565901437987364,-1.0225349075841055,-0.4742945465250851,0.9349107416514547,0.4579516275036135
-0.42052828995749986,0.3158518564288363,1.0802895753381945,0.490824539017989,0.13628119402807426,0.12383102863421426,-0.5070473768267236,-0.050069004550806866
2.269932188144204,1.9615599254469134,0.04543115310366019,-1.2748068763554496,0.6395593110311479,0.5392265880897309,-1.1960863037620604,-0.947880102848257
-1.7887879311352939,0.2918148810079562,0.5691816801059237,0.3236065144478167,-0.21043473751879704,-0.15299273049709708,0.23060970312648124,0.13723259729713444
7.168177368276174,0.5871189688045555,1.5738271039490064,1.6981020277711387,1.549752829335318,-1.0473108522319645,-2.3728178758121343,0.32406021673877183
0.8106139961483623,0.032200461795947495,-1.3105244703157712,0.47484949472034527,-0.6989630770753718,-0.4781453389630284,-0.8620627243592667,0.4226075067443175
-1.6139352759697574,0.40783820208106203,0.4339152069127047,-0.23468431032041973,0.16371099933876862,-0.3485485555548919,0.5097852464956708,0.138162754857396
2.10901583760685,-0.7088307787318547,0.9719170630721365,-1.334642389609362,1.0317018815360113,-2.0347649690060337,-1.360336961018814,1.526018308516984
-1.2721829193691754,0.2960249778613243,-0.7505147583051579,0.05498318230392888,-0.5208539211271078,-0.25284127933991085,0.022581445453516927,-1.0832420890495285
-0.03891592578822498,-0.3673283442296351,0.44735132877412065,1.835582081854935,-0.9231674921836693,-0.0587359784793389,-0.12664729513625095,-0.29860327287009913
-1.547321130954995,-0.10888306339883962,0.4882681112468556,0.6832091635250643,-0.18634223283696186,-0.007860481482116571,0.11022164859289078,-0.4509860231822006
2.2704172288723856,1.3202061092860684,0.5266332407814888,1.6605737389194153,-0.5138777614586713,-1.0020018995648086,0.7405408383896345,0.44716301374636297
0.6543491420987164,-0.4315423014884843,0.9139861791740812,0.5062142604182525,0.40343537331750934,0.060816885311374996,0.5807891625905338,-0.3678399821021493
0.12506173598288678,-0.2577310354837966,-1.801792418985481,0.4108760419648553,0.1641734709220653,-0.3702402328861378,0.5581441411782259,-0.35088493613029925
-1.171538254704662,0.7082113920394983,0.7002552759640541,-0.4647584662295127,0.5048195595345171,-0.41751002253491,0.48653827629873175,0.10135183420641991
-1.597511879658078,0.4523282618384926,0.34702388569316067,-0.1186910200138784,-0.6206070622868509,-0.03441491678347621,-0.07862181531684545,-0.44508249607708994
-1.5446380823414034,0.4176816266121538,0.43366799056852146,-0.05927219391211546,0.3114348453073237,0.32858803066410625,-0.47431220886150244,0.6096780297178535
-1.2919017230309566,0.028514285456687764,0.3417214430440832,-0.22247528283555648,0.6675882239022346,-0.13244721969133058,-0.7871315283498885,0.5447949060835334
-1.3530209158656983,0.5970831808994563,-0.41670150999153965,-0.043686414550281265,-0.7072887141068448,0.42327631629132373,-1.521890885972582,0.6590499916674801
-0.7674514468781266,-0.3803337433543337,1.003215546918416,0.9529597967988408,-1.3190233029036036,-0.09703987088019025,0.9573027894286295,0.7975487024011085
-1.784969048834794,-0.1603188748573388,-0.112350700336066,-0.48092607756260314,0.0749001667254933,0.31512170032789516,0.48804943947949325,0.32921768479731367
-1.9395371202512144,0.381310305176241,-0.002902610028451043,-0.14206164195493678,0.43313028978976215,0.04567851354806926,0.17911008874130688,-0.20468621622497565
-1.728631725225505,0.5511652487099361,0.3169587271967601,-0.14297637298701252,0.434851958414018,0.09890572047917481,0.15759147225471384,0.196991649772407
0.038900830668365714,0.358806506587807,0.6961447988775447,0.2520136687542559,0.21100472056688047,1.0351385508641706,-1.5323359422923757,0.09678830858120176
-2.032199153079894,0.4053107613742677,0.13353502239852097,-0.14024488521510062,0.2464812686299994,-0.039890538209645304,0.13025083925500705,0.065185589206794
-2.032199153079894,0.4053107613742677,0.13353502239852097,-0.14024488521510062,0.2464812686299994,-0.039890538209645304,0.13025083925500705,0.065185589206794
-2.032199153079894,0.4053107613742677,0.13353502239852097,-0.14024488521510062,0.2464812686299994,-0.039890538209645304,0.13025083925500705,0.065185589206794
-1.3254190607916918,-0.11032869749580398,-0.7372599911327775,0.4257855651755901,0.5166127413111063,-0.38500006737490194,-0.33320012983249947,-0.5069812243946131
-2.032199153079894,0.4053107613742677,0.13353502239852097,-0.14024488521510062,0.2464812686299994,-0.039890538209645304,0.13025083925500705,0.065185589206794
-1.8196222202824375,0.6795365880664579,-0.5643998747492712,0.2293860050217835,0.13636685803436036,-0.06909706603444557,0.10000724418947703,0.14612051971904189
-0.3015275819693428,0.9372804254230798,1.834294380350532,0.7334168295198081,0.1257502976623183,0.5236203525391622,0.6331104196983741,0.01739547741713042
-2.032199153079894,0.4053107613742677,0.13353502239852097,-0.14024488521510062,0.2464812686299994,-0.039890538209645304,0.13025083925500705,0.065185589206794
-1.7907323528995953,0.004612816967471834,0.052621453539452835,0.21935776386214706,0.27057377331183463,0.10524171080533519,0.009862784721416593,-0.523033031272541
1.1069366375407204,-0.44908349828160443,0.3977296353891353,0.2742988404235919,0.004761023850563566,1.4295718574074436,0.6404985666054526,1.0006909449146786
2.42551846981726,-1.518064039196594,-0.44729852310913065,1.4020360167798933,-1.9540951485771358,1.6951851876574013,-0.6165608249259653,1.4592314155018922
-2.032199153079894,0.4053107613742677,0.13353502239852097,-0.14024488521510062,0.2464812686299994,-0.039890538209645304,0.13025083925500705,0.065185589206794
-0.711097147302034,1.602872835649341,-0.9403737617312499,0.433534945438429,0.49745928846768106,0.4425794841310594,0.5246621833280958,0.09897947892518165
2.803320609911982,0.8836356523380081,-0.24154251827808476,-1.4488896431320804,0.26010526991079597,1.813907703264241,0.8547871470513078,-1.0301455298135864
-0.5697432301508722,-1.51865295080389,-0.1777298257271555,-1.113694601079713,-0.6439294559618454,1.6479828305703328,-0.6422622213579188,2.0638067990486917
-0.1868350179348914,-0.3491546471631708,0.24502332670386529,-0.3838310201767388,0.92763151710139,0.5685783362423825,0.22010307018174,-0.4945710118946155
0.8347640244522949,-1.072974913835876,-1.0378319309447024,-0.6037138422414966,0.31673736350947385,-0.3574562425879764,-0.9590248889218286,-1.7960307223574832
-1.727867051049854,0.6696295855186443,0.3902023904152908,-0.24415169781156595,0.49367241473583323,0.26697849795837225,0.27361172718972476,-0.12494739311264673
5.927701326081933,-0.8704631774695367,1.183565893359804,-0.8326790568370783,1.2453494991606604,0.5917013285512037,-1.03477209448361,2.2030835467627647
-0.2174300171743258,-0.2801548946271819,0.2484309325101806,0.8599936307736977,-0.1838664338699448,-1.2170336087428113,0.4869663593518721,-0.36421016946575774
-1.0386670604808756,1.3549049672662177,-2.1055583784873773,0.9094873235673573,0.11719567364804295,-0.3223847357521327,0.168579471585628,0.036640569297610434
-0.3992209669395563,0.2990819624595307,-1.860273379946658,1.3940769366998564,-0.6738579508831872,-0.02091149224477804,0.45748963166169815,0.05437285793090517
1.7686802832694228,-0.08320501521582938,1.0108208006332287,0.015503104371663646,-0.9996567669139558,-0.436758825381291,0.2493290707127479,0.1353370641009755
-0.9860467678893281,0.18842089175911622,-1.4144892085806196,1.1920548501005355,0.16835487089230633,-0.18386959897732047,-0.33762031807489085,-0.7960597290589158
1.853523188786075,1.236680708114704,0.5479250564927928,0.44333317499076963,-0.364476304865744,-0.45467506496698856,0.1291542448495668,-0.9952361143900725
6.809302900180873,4.099316688376043,-0.2470866333812043,0.057801595257842855,-1.4104080470939073,-0.9883163372871795,-0.2667982635757317,-0.450454726441482
0.046737727252548746,-0.8392992352803552,-2.0102346569170746,0.007334103568395941,-0.2165716677063039,-0.5049350543302192,0.952724176167525,0.2939009897022789
-0.23626757907027715,1.3454801079408387,0.005234932655137293,-0.394314049304312,-0.14688871917927437,0.35375981702804354,-0.7342038409508853,-0.04017319001779731
-1.296643303920652,-0.02948367281074455,0.2610259310524651,-0.5011287110841715,0.19867419972463285,0.8516730466808443,-0.0004933537020053027,0.5517710824233194
-1.5322326895243472,-0.5494862160128048,-0.20429724786050427,-0.6441291664860441,0.43105354532040413,-0.14591355002754164,0.17523011999110727,0.2643345611629936
-1.8482055101957924,0.2718271392764854,0.2502442857702823,-0.056540706140203505,0.12306415552330516,0.18979177197528613,-0.5016528418612093,0.4778719691522405
-1.3661583733058906,0.009046145091154749,0.17762578334969042,-0.2735991341444192,0.42107461866375684,-0.28673572153174187,-0.8080390405707308,0.2170851374320908
-0.7597808011528365,-0.4775645118323232,0.2602855681584735,0.46905522493472224,-0.2352752402934245,0.4096093826146438,0.5218728085227108,-0.028422264895957
-1.349662830968968,-0.046484348708965714,-0.009671446612755997,0.15207495542372598,0.2603812532399761,0.5070064708472315,-0.5667016069499778,-0.5491542636862347
-2.032199153079894,0.4053107613742677,0.13353502239852097,-0.14024488521510062,0.2464812686299994,-0.039890538209645304,0.13025083925500705,0.065185589206794
-2.032199153079894,0.4053107613742677,0.13353502239852097,-0.14024488521510062,0.2464812686299994,-0.039890538209645304,0.13025083925500705,0.065185589206794
-0.5532971842017159,-0.5556713844944283,-0.5884522915308833,-1.757086480111895,-1.9720609657421238,0.8635311181072655,-0.9005158316937956,-0.5210903299875767
5.739596303675667,0.16510858863157343,0.2578230278596865,1.6752704771239744,-0.6039370172435042,-2.2659812571424105,-0.07520375808564395,1.483179576720876
-1.607045287484981,0.9537624147586481,-1.2623347718970632,0.5990168952586676,0.026252447438721266,-0.09830359385924572,0.06976364912394696,0.22705545023128967
-1.6067387100154935,-0.12887080513031052,0.16933071691121412,0.3030619429370441,0.14715666020514032,0.3349240209902666,-0.6220408963947998,-0.11034665132709458
-1.8941342338448388,0.4413651271883275,0.14320772343310087,-0.2664122285277283,0.34039868271991414,-0.41572104135768106,-0.03635701887664986,0.21850765087525878
-1.3004621862211523,0.42265008305455043,0.9425583114944549,0.30340388092624837,-0.08666070451965747,0.38355861585585194,-0.25793309005501736,0.3597859949231403
-2.032199153079894,0.4053107613742677,0.13353502239852097,-0.14024488521510062,0.2464812686299994,-0.039890538209645304,0.13025083925500705,0.065185589206794
-2.032199153079894,0.4053107613742677,0.13353502239852097,-0.14024488521510062,0.2464812686299994,-0.039890538209645304,0.13025083925500705,0.065185589206794
-1.2905088403445935,-1.2915781473205519,-0.6041221458052402,-1.1622884622576077,-0.268262037083519,1.0251461774029764,1.2036466399284658,0.857281875978353
-1.0820078388470915,-0.22382457786211546,-0.3016133334253749,0.8896369648385073,0.0596967351623099,-0.4981022596623537,-0.2328412659610253,-0.43493421630427276
1.2693579563959387,0.9635729448642276,0.710924454995849,0.4988017571894153,0.9139985420752109,-0.5781013875242589,0.6466243171590361,-0.47174617252198814
5.317205214408705,-2.8973347431363816,2.2791577442898068,0.5349036475712334,1.6405440172475434,2.4530863749591902,-1.248126940377692,-0.525389397859083
-2.032199153079894,0.4053107613742677,0.13353502239852097,-0.14024488521510062,0.2464812686299994,-0.039890538209645304,0.13025083925500705,0.065185589206794
-0.3055972922864775,1.0795209960425018,-2.2875620785791138,-0.43777990353674534,-1.7746234520572048,0.7785296879042118,-0.6539808161048493,-1.1436589902920828
-1.498897861009542,0.6368420988670556,0.26130372370736954,-0.5591717977357372,-1.2174284082146671,-0.0014061548275698624,-0.43671258324647183,-0.7575257840195446
-2.032199153079894,0.4053107613742677,0.13353502239852097,-0.14024488521510062,0.2464812686299994,-0.039890538209645304,0.13025083925500705,0.065185589206794
1.1918887238498677,-0.08431113974583523,-0.3805124070408636,-0.2559227197537435,1.2473394148831929,-0.36299586948346363,-0.1367391263422733,-0.41292898920808874
-1.4871649250452061,0.15046730430314026,0.23604515833769193,0.21662627609023516,0.45894446309585324,0.24403796949415527,0.037203417721123386,-0.391226970706928
-0.5894920521211925,-1.6422859143658128,-1.30994500546102,0.10402582955783286,0.19754304218392926,0.4701566587151596,0.2620090160828826,-0.567135653692909
-0.779504857477997,-1.6115558742146918,-0.41550033736900516,-1.3658887284030221,0.43840227702547424,-1.0752213410275404,0.40579531683650766,0.557976699872647
-1.4979252561938694,-0.31482425882754406,0.14339954758782372,-0.7809556420834627,-0.07306281615967812,-0.020280836274001044,0.7779529570401607,0.3147909084589753
-0.22894944653793628,1.1267096901575313,-0.5577788838834313,0.2007569859387041,0.704150527034828,0.4920436357868812,-0.23740944731277744,0.3798226818890847
-1.1836726229455155,1.0283247013678478,-0.17502490502707418,0.28198322079923493,0.49390606347441957,0.2749529144324278,0.23144757595547136,0.01256331350252525
-0.09152082275323598,-1.772846300721145,-0.9982786829034013,-1.800982875963258,0.6564796185137682,-0.5980319670832404,0.37633851643649435,1.238071525232242
0.5504745256775887,-1.4316367176756928,0.4329756210538626,1.4346987522531507,0.055184206217477855,-0.807047077807029,-2.665752640583696,0.801981460456691
4.732827470313998,-0.9108734139985578,-1.9416364771975618,-0.17625606836230656,-0.06259747613221787,0.9897748850415952,0.2248367909885933,-0.4316687362461203
0.2653375523564928,-0.3143236152261451,0.2521373672996253,-0.5589976353163831,1.3939347059711977,-2.101051760703526,-0.40251611985725316,-0.5194862416626534
0.3882395225358762,1.8815956145793176,0.49606841209760427,0.030776999485898807,1.081337792232662,1.069622208475442,0.4305292536379233,-0.19525338543750623
0.14752555529300843,0.4496802187728234,1.5470305899645105,0.7862943534657846,-0.8757297182506504,0.6090823943753719,-0.6141998510369123,-0.47635077682560145
-1.9175027038241466,0.2619837147453936,0.2504915021144656,-0.23195282254850783,-0.024659690445249932,-0.48734481424371207,0.4824446134959641,0.006356694291782968
0.5913062938612001,-0.48156325877422784,0.13825893280893412,0.01741091949192133,0.7078708166475135,0.795719569821535,-0.7138308153397874,1.0041175415891948
0.6673152889730518,-1.3351570787826175,0.3732516397413336,-0.26422202858424826,1.316826155706388,0.2736129315531423,-0.9799963544680111,-0.23124362443972857
-2.032199153079894,0.4053107613742677,0.13353502239852097,-0.14024488521510062,0.2464812686299994,-0.039890538209645304,0.13025083925500705,0.065185589206794
-1.7907323528995953,0.004612816967471834,0.052621453539452835,0.21935776386214706,0.27057377331183463,0.10524171080533519,0.009862784721416593,-0.523033031272541
-0.9828589417535806,-0.3327758755071215,-0.18884272792086518,-0.27504190377058546,0.4005879542261828,0.7711326578886607,0.4503413073904315,-0.5660024874755485
5.081006473773237,2.2092558919797325,-0.6233538006542113,-0.07906191946578733,3.0950197536196824,-1.1569932289345413,0.24013397881277274,0.09539620699926839
-1.2599810605302615,0.019662459324858945,0.06419899588657177,0.14691782500766007,0.253374109408873,-0.015629800897404875,-0.7228756386523996,0.14493129693416995
0.4390184437990498,1.4598986829602463,-1.6947492251948146,-0.7840087060232488,-0.43275431397361136,-0.6820585190804875,-1.389302909554255,0.1320556459814024
-0.8769614676332768,-0.69598068760643,-0.16225244698470762,-0.43438913296355797,0.16104386792430803,0.2405960759965912,-0.9204004839066117,1.3418973143866602
1.0156268520564837,-2.440561581177521,-0.5710472836604382,-2.0892910770781152,1.237050378888877,-0.7180031038292465,0.19853036101158206,0.20318622228360342
1.2882292974783744,0.2681968313287276,-1.9463521989450736,0.8567098421911057,-0.18773831759069506,0.15846450379772123,0.7865393145403728,1.2464182409918023
0.42113649598730707,-1.9200150292084337,0.634567643947772,-0.2838334438186485,-0.26838262036450855,-1.0837074952860815,0.5632678051078367,0.21412393937360483
-1.070385465083039,-0.12332193230974962,0.13966762878443637,-0.42774891712861707,0.34076773795491866,0.7009127081234552,0.560824454942885,-0.48066813476746306
-0.3241452381332885,0.8151715850159096,1.4737479161688667,0.046336118294004726,0.3298199412304208,0.6053772808882603,-0.25500108784205916,0.5610357334023489
-2.032199153079894,0.4053107613742677,0.13353502239852097,-0.14024488521510062,0.2464812686299994,-0.039890538209645304,0.13025083925500705,0.065185589206794
-2.032199153079894,0.4053107613742677,0.13353502239852097,-0.14024488521510062,0.2464812686299994,-0.039890538209645304,0.13025083925500705,0.065185589206794
0.2610197566171748,0.05798133392718352,-0.49465618893514707,0.7179643200899323,-0.6301022452176375,0.027648916629878756,0.15185748972192312,-1.6850534257852932
-0.9348380445944149,-0.03237917097538132,0.32007046683840507,-0.32913705367828605,0.593374963618996,1.073992021678911,0.6543831608153382,-0.6392669003209029
-1.2947556865265517,0.237564488210521,-0.2535566943874954,0.2317126646180827,0.259698357242945,0.057663397719969284,0.24381265893018733,-0.16888715134696783
-1.744915216957027,0.5257835339762073,-0.057838703469204895,-0.09791320984240856,0.2233058174472918,-0.11274553255537548,0.2984275975897207,0.31737558253956744
-0.36937830837663693,-0.5101748226931222,-2.3061700880277725,-0.41067178102790414,-0.4993662743436868,0.9191548086680101,1.3771093240061765,1.373297616928422
3.3593310880870018,2.2751424286829205,-0.7742405815192599,1.5218986649377906,-0.4334003618405077,0.7784694649683502,0.9535444708763975,1.4216052186363104
-1.8196222202824375,0.6795365880664579,-0.5643998747492712,0.2293860050217835,0.13636685803436036,-0.06909706603444557,0.10000724418947703,0.14612051971904189
-1.2962721444093948,-1.1266464554957414,-0.43914999192972115,-0.46200462083285787,-0.07258843049717766,0.8152661878804163,0.7254599851703891,0.005031159908498297
-1.4891269928891857,0.39322263622835046,-0.3695111862934394,-1.8023684107281794,-1.7155638710579564,0.41414798619561416,-0.5862228643093865,-0.6081121790300505
-0.6218942243350476,-1.5978616072904903,0.18623153550052343,0.6226317104062655,-0.10109456457141623,0.260931065899899,-0.5970908063208158,-0.42736929175988947
3.02972078750674,1.5303577619596902,-0.39115463423318814,-0.6481533026054718,-0.6260020140119351,0.8252632140892951,-0.6028807429295052,-0.5574529009226418
1.8300580653392515,1.9036610066732806,1.7902824861771962,-0.5438994090801228,0.5197652191654594,0.28780077638962126,1.2121635294781046,-2.0144314213157863
1.8753995427174723,-3.7348468334460425,0.252723215324803,0.4499819256083075,-0.9486446544954125,-0.19445616420611067,-0.018239347339638022,-0.5690410887571136
1.419565226306366,-1.6901872234374684,0.765622478397902,-1.3523556418320941,0.4076967344986056,0.31141399621936905,1.108494408653007,0.500697510773449
-2.032199153079894,0.4053107613742677,0.13353502239852097,-0.14024488521510062,0.2464812686299994,-0.039890538209645304,0.13025083925500705,0.065185589206794
-1.3077987525389976,-0.7967830718461199,-0.10920568417868348,0.9385630620166424,0.31875878267550495,0.39550620883529614,-0.23091332434576436,-1.6994702722312112
-1.2889923824617502,0.07263279638571042,-0.4185288482630143,-0.46857117680666743,0.06402475065660371,0.2675433872425293,0.721999313688264,0.683363564722887
-0.9832301012648378,0.7643869071778752,0.5113331950613209,-0.314165994021899,0.6718505844479932,0.8075395166890889,-0.27561203148196295,-0.01926256496072733
-1.362900530433554,0.6072274980998354,-0.097516899311715,0.16104868962943467,-1.1885114531175023,-0.5966447724000576,0.1944691143722817,-0.15310465504808338
-0.2430151725685114,-0.966320285025075,0.7381181455045067,0.7458249712101803,-0.40648081841558725,-0.2052969844402001,0.25007235781060627,-0.319117975118566
-0.4643500258675897,0.39732217745270254,0.8660676512580247,0.22985954988207194,-0.6224659145563404,0.6853939692248449,-0.7418524287284356,-0.6532359443230957
1.3628279840514081,0.6938901589162593,-0.20922981688996584,-0.22125330216424138,0.25188166452166844,0.5536212935326514,0.12422717889977974,0.34721626984735693
-0.0765077104141426,1.038755841390671,0.06562743169956449,0.8134168699397316,-0.10623882623005233,-0.006430048454362818,-0.2043710964352562,1.021669511594808
1.6147530701478956,-0.44853091063557604,1.8877318761834136,1.23029630470316,-1.4820989459206324,-1.5032033756436607,2.0847365473616994,0.40665105848549976
-1.3386284007048184,0.0035958352422699076,0.37346368918763334,0.6532323889083079,-0.17404219772314383,0.017416199778247626,0.17599476446694787,-0.3490301365894008
-1.2336638915591083,-0.12023570004361761,0.21734227403178438,-0.047752137657759326,0.8739182980125794,-0.04892450338208408,-0.15959564683225175,-0.7780491372263018
-0.1617147527410728,-0.5568892922974797,-0.10469551862384842,-0.3160817820476135,1.048839850015359,-0.3955092152410079,0.03271370168405438,-0.25352997242526665
0.7950975221610984,-0.17346326858002192,-0.15404527069169888,0.30484744862932045,0.8145944887389295,0.08869151172699954,0.2718761920382288,0.007389101781484455
0.14786187524441663,-2.891448385543416,-1.2132292500682738,-1.8136539863171535,-0.345259583790749,-0.001677551721560671,-0.6917689634631262,-1.1386913117681865
-0.10581370374761691,0.7124770760724694,0.8197945959244496,0.09803387083280017,1.0534822945698878,1.2967217461709426,-0.2645597542495591,-0.7410383916565789
-1.2718788963077974,0.830359531844523,0.12791415097490147,0.5893305920882355,-0.07335800200860233,0.12466977784612034,0.3437269959956689,0.02803454548994154
-2.032199153079894,0.4053107613742677,0.13353502239852097,-0.14024488521510062,0.2464812686299994,-0.039890538209645304,0.13025083925500705,0.065185589206794
1.341842655823613,-0.6358581883663853,-1.2065354407820703,0.5655601245449973,-0.1641185985640625,0.6373563859557481,0.014121473444529645,0.9777774124194141
0.7227565488159855,-2.0566957389333997,0.47336748390838784,0.02223686820163798,0.5861115323613033,-0.17239769846470185,-2.3745864499713862,1.0593896226140949
-2.032199153079894,0.4053107613742677,0.13353502239852097,-0.14024488521510062,0.2464812686299994,-0.039890538209645304,0.13025083925500705,0.065185589206794
-2.032199153079894,0.4053107613742677,0.13353502239852097,-0.14024488521510062,0.2464812686299994,-0.039890538209645304,0.13025083925500705,0.065185589206794
0.9082205465785028,-0.15218345587881918,-1.751219397278477,0.7969543049991743,0.6551790962772636,-0.4419373867187082,0.03692908174187476,-0.055861046522763184
0.9219199447756498,-0.42807631944687885,-1.7855844596881945,1.1755864545123378,-0.8028254536509505,0.8936377394366941,-1.2532705583334387,-0.3513951936534176
-2.032199153079894,0.4053107613742677,0.13353502239852097,-0.14024488521510062,0.2464812686299994,-0.039890538209645304,0.13025083925500705,0.065185589206794
0.20453785403945113,-0.9881598627673424,-0.1921734817019821,0.3924006545691406,-0.7399048747966902,0.17836704448409563,1.2105557368114646,0.6389113055842209
-1.7363570971342859,0.9588522724599569,-0.12362546355885226,-1.461687218380677,-1.5439827691534502,0.059135747658073695,-0.9440214645338727,-0.8721442746205701
0.11479629117091406,-2.24796636065645,0.09058102250451416,0.11650116885611378,-0.5048510856103775,0.6057887875441866,1.0080956869670141,0.13497811871653334
5.095273715275305,-2.9169897200256267,0.30995743872660547,1.8211251448681063,-0.3943319895936363,-0.301003982510586,-0.6574689131173496,1.6930423213176027
8.319137052220967,0.894161554230454,2.244797133794654,-3.9187208253806154,-1.4337888322604568,-2.073904622829322,0.7053690841566538,0.4305331177132096
-2.032199153079894,0.4053107613742677,0.13353502239852097,-0.14024488521510062,0.2464812686299994,-0.039890538209645304,0.13025083925500705,0.065185589206794
-1.4615798693288695,-0.19116702284510328,-0.11019864267934373,-0.6026107895127667,-0.18394075723593808,-0.10705589444580724,0.9060163295945075,0.37234467647510244
-0.4113174449679094,1.0600324508677164,0.28067412290515503,-1.163953705155154,-2.070156243742212,0.22469704875076688,-1.2974735434712694,-0.1847665961683669
-1.7560693146097834,0.4774194930023873,0.15288042446768077,-0.39257957184035586,0.4343160968098288,-0.7915515445057167,-0.20296487700830676,0.37182971254372355
0.20976626988942473,-0.3419300430828044,-0.7446998918070163,-0.014875657066414624,-0.9804368066854555,0.7456812583111297,-0.027213971514304817,1.75533654586536
